target,noise_level,route,fp_rate,reps,source_run
holo_control,0.0,A_emlstar,0.00,3,linux_long
holo_control,0.0,B_re,0.00,3,linux_long
holo_control,0.01,A_emlstar,0.00,3,linux_long
holo_control,0.01,B_re,0.00,3,linux_long
holo_control,0.05,A_emlstar,0.00,3,linux_long
holo_control,0.05,B_re,0.00,3,linux_long
holo_control,0.1,A_emlstar,0.00,3,linux_long
holo_control,0.1,B_re,0.00,3,linux_long
holo_control,0.15,A_emlstar,0.00,2,mac_short
holo_control,0.15,B_re,0.00,2,mac_short
holo_control,0.2,A_emlstar,0.00,3,linux_long
holo_control,0.2,B_re,0.00,3,linux_long
holo_control,0.35,A_emlstar,0.00,2,mac_high
holo_control,0.35,B_re,0.00,2,mac_high
holo_control,0.5,A_emlstar,0.00,2,mac_high
holo_control,0.5,B_re,0.00,2,mac_high
holo_control,0.7,A_emlstar,0.00,2,mac_high
holo_control,0.7,B_re,0.00,2,mac_high
exp,0.0,A_emlstar,0.00,3,linux_long
exp,0.0,B_re,0.00,3,linux_long
exp,0.01,A_emlstar,0.00,3,linux_long
exp,0.01,B_re,0.00,3,linux_long
exp,0.05,A_emlstar,0.00,3,linux_long
exp,0.05,B_re,0.00,3,linux_long
exp,0.1,A_emlstar,0.00,3,linux_long
exp,0.1,B_re,0.00,3,linux_long
exp,0.15,A_emlstar,0.00,2,mac_short
exp,0.15,B_re,0.00,2,mac_short
exp,0.2,A_emlstar,0.00,3,linux_long
exp,0.2,B_re,0.00,3,linux_long
exp,0.35,A_emlstar,0.00,2,mac_high
exp,0.35,B_re,0.00,2,mac_high
exp,0.5,A_emlstar,0.00,2,mac_high
exp,0.5,B_re,0.00,2,mac_high
exp,0.7,A_emlstar,0.00,2,mac_high
exp,0.7,B_re,0.00,2,mac_high
inv,0.0,A_emlstar,0.00,3,linux_long
inv,0.0,B_re,0.00,3,linux_long
inv,0.01,A_emlstar,0.00,3,linux_long
inv,0.01,B_re,0.00,3,linux_long
inv,0.05,A_emlstar,0.00,3,linux_long
inv,0.05,B_re,0.00,3,linux_long
inv,0.1,A_emlstar,0.00,3,linux_long
inv,0.1,B_re,0.00,3,linux_long
inv,0.15,A_emlstar,0.00,2,mac_short
inv,0.15,B_re,0.00,2,mac_short
inv,0.2,A_emlstar,0.00,3,linux_long
inv,0.2,B_re,0.00,3,linux_long
inv,0.35,A_emlstar,0.00,2,mac_high
inv,0.35,B_re,0.00,2,mac_high
inv,0.5,A_emlstar,0.00,2,mac_high
inv,0.5,B_re,0.00,2,mac_high
inv,0.7,A_emlstar,0.00,2,mac_high
inv,0.7,B_re,0.00,2,mac_high
